"","poly_id","hour","count","mean_count"
"1",50485,"00",3,0.107142857142857
"2",50502,"00",1,0.0357142857142857
"3",50515,"00",2,0.0714285714285714
"4",50523,"00",2,0.0714285714285714
"5",50581,"00",1,0.0357142857142857
"6",50590,"00",1,0.0357142857142857
"7",50632,"00",1,0.0357142857142857
"8",50647,"00",1,0.0357142857142857
"9",50673,"00",3,0.107142857142857
"10",50687,"00",1,0.0357142857142857
"11",50724,"00",2,0.0714285714285714
"12",50746,"00",3,0.107142857142857
"13",50775,"00",1,0.0357142857142857
"14",50792,"00",3,0.107142857142857
"15",50829,"00",1,0.0357142857142857
"16",50851,"00",1,0.0357142857142857
"17",50904,"00",2,0.0714285714285714
"18",50909,"00",1,0.0357142857142857
"19",51209,"00",1,0.0357142857142857
"20",51253,"00",2,0.0714285714285714
"21",51271,"00",3,0.107142857142857
"22",51301,"00",2,0.0714285714285714
"23",51330,"00",1,0.0357142857142857
"24",51363,"00",1,0.0357142857142857
"25",50502,"01",1,0.0357142857142857
"26",50541,"01",2,0.0714285714285714
"27",50647,"01",1,0.0357142857142857
"28",50673,"01",1,0.0357142857142857
"29",50687,"01",2,0.0714285714285714
"30",50724,"01",4,0.142857142857143
"31",50775,"01",2,0.0714285714285714
"32",50792,"01",2,0.0714285714285714
"33",51011,"01",1,0.0357142857142857
"34",51209,"01",1,0.0357142857142857
"35",51271,"01",1,0.0357142857142857
"36",51301,"01",1,0.0357142857142857
"37",50463,"02",1,0.0357142857142857
"38",50502,"02",1,0.0357142857142857
"39",50523,"02",1,0.0357142857142857
"40",50541,"02",2,0.0714285714285714
"41",50632,"02",1,0.0357142857142857
"42",50673,"02",2,0.0714285714285714
"43",50724,"02",2,0.0714285714285714
"44",50746,"02",3,0.107142857142857
"45",50792,"02",1,0.0357142857142857
"46",50851,"02",1,0.0357142857142857
"47",50891,"02",2,0.0714285714285714
"48",51209,"02",1,0.0357142857142857
"49",51271,"02",1,0.0357142857142857
"50",50463,"03",1,0.0357142857142857
"51",50485,"03",1,0.0357142857142857
"52",50515,"03",1,0.0357142857142857
"53",50590,"03",1,0.0357142857142857
"54",50632,"03",1,0.0357142857142857
"55",50673,"03",1,0.0357142857142857
"56",50746,"03",3,0.107142857142857
"57",50851,"03",1,0.0357142857142857
"58",51209,"03",1,0.0357142857142857
"59",51271,"03",3,0.107142857142857
"60",51301,"03",2,0.0714285714285714
"61",51330,"03",2,0.0714285714285714
"62",50448,"04",1,0.0357142857142857
"63",50502,"04",1,0.0357142857142857
"64",50581,"04",1,0.0357142857142857
"65",50590,"04",1,0.0357142857142857
"66",50724,"04",1,0.0357142857142857
"67",50746,"04",1,0.0357142857142857
"68",50851,"04",1,0.0357142857142857
"69",51209,"04",1,0.0357142857142857
"70",51271,"04",1,0.0357142857142857
"71",51295,"04",2,0.0714285714285714
"72",51363,"04",2,0.0714285714285714
"73",50515,"05",1,0.0357142857142857
"74",50523,"05",3,0.107142857142857
"75",50541,"05",1,0.0357142857142857
"76",50632,"05",1,0.0357142857142857
"77",50658,"05",1,0.0357142857142857
"78",50724,"05",1,0.0357142857142857
"79",50775,"05",1,0.0357142857142857
"80",50792,"05",1,0.0357142857142857
"81",51011,"05",2,0.0714285714285714
"82",51209,"05",1,0.0357142857142857
"83",51271,"05",1,0.0357142857142857
"84",51330,"05",1,0.0357142857142857
"85",50463,"06",1,0.0357142857142857
"86",50485,"06",1,0.0357142857142857
"87",50502,"06",1,0.0357142857142857
"88",50515,"06",1,0.0357142857142857
"89",50523,"06",1,0.0357142857142857
"90",50541,"06",2,0.0714285714285714
"91",50590,"06",1,0.0357142857142857
"92",50724,"06",3,0.107142857142857
"93",50746,"06",1,0.0357142857142857
"94",50775,"06",1,0.0357142857142857
"95",50792,"06",2,0.0714285714285714
"96",50829,"06",1,0.0357142857142857
"97",50851,"06",1,0.0357142857142857
"98",50891,"06",1,0.0357142857142857
"99",50904,"06",1,0.0357142857142857
"100",51011,"06",3,0.107142857142857
"101",51187,"06",1,0.0357142857142857
"102",51209,"06",2,0.0714285714285714
"103",51271,"06",2,0.0714285714285714
"104",51301,"06",1,0.0357142857142857
"105",51330,"06",1,0.0357142857142857
"106",51363,"06",1,0.0357142857142857
"107",50448,"07",1,0.0357142857142857
"108",50485,"07",4,0.142857142857143
"109",50502,"07",3,0.107142857142857
"110",50515,"07",2,0.0714285714285714
"111",50523,"07",1,0.0357142857142857
"112",50541,"07",8,0.285714285714286
"113",50581,"07",1,0.0357142857142857
"114",50590,"07",1,0.0357142857142857
"115",50632,"07",1,0.0357142857142857
"116",50658,"07",1,0.0357142857142857
"117",50673,"07",4,0.142857142857143
"118",50687,"07",2,0.0714285714285714
"119",50724,"07",2,0.0714285714285714
"120",50746,"07",4,0.142857142857143
"121",50775,"07",1,0.0357142857142857
"122",50792,"07",3,0.107142857142857
"123",50829,"07",2,0.0714285714285714
"124",50851,"07",3,0.107142857142857
"125",50904,"07",2,0.0714285714285714
"126",50909,"07",2,0.0714285714285714
"127",51011,"07",3,0.107142857142857
"128",51138,"07",3,0.107142857142857
"129",51209,"07",3,0.107142857142857
"130",51253,"07",2,0.0714285714285714
"131",51271,"07",4,0.142857142857143
"132",51301,"07",1,0.0357142857142857
"133",51330,"07",2,0.0714285714285714
"134",50448,"08",2,0.0714285714285714
"135",50463,"08",3,0.107142857142857
"136",50485,"08",7,0.25
"137",50502,"08",9,0.321428571428571
"138",50515,"08",6,0.214285714285714
"139",50523,"08",5,0.178571428571429
"140",50541,"08",5,0.178571428571429
"141",50581,"08",2,0.0714285714285714
"142",50590,"08",2,0.0714285714285714
"143",50632,"08",3,0.107142857142857
"144",50647,"08",5,0.178571428571429
"145",50658,"08",2,0.0714285714285714
"146",50673,"08",1,0.0357142857142857
"147",50687,"08",3,0.107142857142857
"148",50724,"08",7,0.25
"149",50746,"08",4,0.142857142857143
"150",50775,"08",5,0.178571428571429
"151",50792,"08",1,0.0357142857142857
"152",50851,"08",4,0.142857142857143
"153",50891,"08",3,0.107142857142857
"154",50904,"08",2,0.0714285714285714
"155",50909,"08",4,0.142857142857143
"156",51011,"08",4,0.142857142857143
"157",51138,"08",6,0.214285714285714
"158",51187,"08",1,0.0357142857142857
"159",51209,"08",6,0.214285714285714
"160",51253,"08",5,0.178571428571429
"161",51271,"08",1,0.0357142857142857
"162",51295,"08",4,0.142857142857143
"163",51301,"08",2,0.0714285714285714
"164",51330,"08",3,0.107142857142857
"165",51363,"08",2,0.0714285714285714
"166",50463,"09",1,0.0357142857142857
"167",50485,"09",3,0.107142857142857
"168",50502,"09",2,0.0714285714285714
"169",50515,"09",4,0.142857142857143
"170",50541,"09",3,0.107142857142857
"171",50581,"09",1,0.0357142857142857
"172",50590,"09",3,0.107142857142857
"173",50632,"09",2,0.0714285714285714
"174",50647,"09",3,0.107142857142857
"175",50658,"09",1,0.0357142857142857
"176",50673,"09",3,0.107142857142857
"177",50687,"09",3,0.107142857142857
"178",50724,"09",7,0.25
"179",50746,"09",3,0.107142857142857
"180",50775,"09",4,0.142857142857143
"181",50792,"09",2,0.0714285714285714
"182",50829,"09",2,0.0714285714285714
"183",50851,"09",3,0.107142857142857
"184",50891,"09",3,0.107142857142857
"185",50904,"09",2,0.0714285714285714
"186",50909,"09",1,0.0357142857142857
"187",51011,"09",2,0.0714285714285714
"188",51138,"09",1,0.0357142857142857
"189",51187,"09",1,0.0357142857142857
"190",51209,"09",2,0.0714285714285714
"191",51253,"09",2,0.0714285714285714
"192",51271,"09",2,0.0714285714285714
"193",51295,"09",2,0.0714285714285714
"194",51330,"09",2,0.0714285714285714
"195",51363,"09",1,0.0357142857142857
"196",50463,"10",2,0.0714285714285714
"197",50485,"10",5,0.178571428571429
"198",50502,"10",5,0.178571428571429
"199",50523,"10",1,0.0357142857142857
"200",50541,"10",3,0.107142857142857
"201",50581,"10",3,0.107142857142857
"202",50590,"10",2,0.0714285714285714
"203",50632,"10",1,0.0357142857142857
"204",50647,"10",1,0.0357142857142857
"205",50658,"10",3,0.107142857142857
"206",50673,"10",1,0.0357142857142857
"207",50724,"10",5,0.178571428571429
"208",50746,"10",3,0.107142857142857
"209",50775,"10",4,0.142857142857143
"210",50792,"10",4,0.142857142857143
"211",50829,"10",1,0.0357142857142857
"212",50851,"10",3,0.107142857142857
"213",50891,"10",3,0.107142857142857
"214",50904,"10",2,0.0714285714285714
"215",50909,"10",3,0.107142857142857
"216",51138,"10",1,0.0357142857142857
"217",51209,"10",4,0.142857142857143
"218",51253,"10",2,0.0714285714285714
"219",51271,"10",3,0.107142857142857
"220",51295,"10",2,0.0714285714285714
"221",51330,"10",3,0.107142857142857
"222",51363,"10",3,0.107142857142857
"223",50448,"11",3,0.107142857142857
"224",50485,"11",4,0.142857142857143
"225",50502,"11",5,0.178571428571429
"226",50541,"11",4,0.142857142857143
"227",50581,"11",2,0.0714285714285714
"228",50590,"11",2,0.0714285714285714
"229",50632,"11",2,0.0714285714285714
"230",50647,"11",2,0.0714285714285714
"231",50658,"11",2,0.0714285714285714
"232",50687,"11",1,0.0357142857142857
"233",50724,"11",5,0.178571428571429
"234",50746,"11",1,0.0357142857142857
"235",50775,"11",3,0.107142857142857
"236",50792,"11",4,0.142857142857143
"237",50829,"11",1,0.0357142857142857
"238",50851,"11",3,0.107142857142857
"239",50904,"11",4,0.142857142857143
"240",50909,"11",2,0.0714285714285714
"241",51011,"11",4,0.142857142857143
"242",51138,"11",5,0.178571428571429
"243",51209,"11",4,0.142857142857143
"244",51271,"11",4,0.142857142857143
"245",51295,"11",1,0.0357142857142857
"246",51301,"11",1,0.0357142857142857
"247",51330,"11",2,0.0714285714285714
"248",51363,"11",6,0.214285714285714
"249",50463,"12",2,0.0714285714285714
"250",50485,"12",4,0.142857142857143
"251",50502,"12",2,0.0714285714285714
"252",50515,"12",3,0.107142857142857
"253",50523,"12",4,0.142857142857143
"254",50541,"12",1,0.0357142857142857
"255",50581,"12",4,0.142857142857143
"256",50590,"12",3,0.107142857142857
"257",50632,"12",1,0.0357142857142857
"258",50658,"12",1,0.0357142857142857
"259",50673,"12",2,0.0714285714285714
"260",50687,"12",2,0.0714285714285714
"261",50724,"12",3,0.107142857142857
"262",50746,"12",4,0.142857142857143
"263",50792,"12",3,0.107142857142857
"264",50829,"12",2,0.0714285714285714
"265",50851,"12",3,0.107142857142857
"266",50891,"12",1,0.0357142857142857
"267",50904,"12",3,0.107142857142857
"268",50909,"12",2,0.0714285714285714
"269",51011,"12",5,0.178571428571429
"270",51138,"12",5,0.178571428571429
"271",51253,"12",2,0.0714285714285714
"272",51271,"12",4,0.142857142857143
"273",51295,"12",6,0.214285714285714
"274",51301,"12",6,0.214285714285714
"275",51330,"12",4,0.142857142857143
"276",50448,"13",4,0.142857142857143
"277",50485,"13",3,0.107142857142857
"278",50502,"13",7,0.25
"279",50523,"13",2,0.0714285714285714
"280",50541,"13",4,0.142857142857143
"281",50581,"13",2,0.0714285714285714
"282",50590,"13",5,0.178571428571429
"283",50632,"13",1,0.0357142857142857
"284",50658,"13",3,0.107142857142857
"285",50673,"13",5,0.178571428571429
"286",50687,"13",1,0.0357142857142857
"287",50724,"13",3,0.107142857142857
"288",50746,"13",7,0.25
"289",50775,"13",5,0.178571428571429
"290",50792,"13",6,0.214285714285714
"291",50829,"13",3,0.107142857142857
"292",50851,"13",1,0.0357142857142857
"293",50891,"13",1,0.0357142857142857
"294",50904,"13",5,0.178571428571429
"295",50909,"13",5,0.178571428571429
"296",51011,"13",2,0.0714285714285714
"297",51138,"13",4,0.142857142857143
"298",51209,"13",4,0.142857142857143
"299",51253,"13",3,0.107142857142857
"300",51271,"13",5,0.178571428571429
"301",51295,"13",4,0.142857142857143
"302",51301,"13",4,0.142857142857143
"303",51330,"13",4,0.142857142857143
"304",51363,"13",1,0.0357142857142857
"305",50448,"14",4,0.142857142857143
"306",50485,"14",4,0.142857142857143
"307",50502,"14",2,0.0714285714285714
"308",50515,"14",1,0.0357142857142857
"309",50523,"14",1,0.0357142857142857
"310",50541,"14",3,0.107142857142857
"311",50581,"14",3,0.107142857142857
"312",50590,"14",3,0.107142857142857
"313",50632,"14",4,0.142857142857143
"314",50647,"14",2,0.0714285714285714
"315",50658,"14",3,0.107142857142857
"316",50673,"14",2,0.0714285714285714
"317",50687,"14",3,0.107142857142857
"318",50724,"14",7,0.25
"319",50746,"14",4,0.142857142857143
"320",50775,"14",3,0.107142857142857
"321",50792,"14",6,0.214285714285714
"322",50829,"14",1,0.0357142857142857
"323",50851,"14",3,0.107142857142857
"324",50891,"14",1,0.0357142857142857
"325",50904,"14",1,0.0357142857142857
"326",50909,"14",2,0.0714285714285714
"327",51011,"14",2,0.0714285714285714
"328",51138,"14",3,0.107142857142857
"329",51187,"14",2,0.0714285714285714
"330",51209,"14",2,0.0714285714285714
"331",51253,"14",1,0.0357142857142857
"332",51271,"14",4,0.142857142857143
"333",51295,"14",3,0.107142857142857
"334",51301,"14",5,0.178571428571429
"335",51330,"14",3,0.107142857142857
"336",51363,"14",2,0.0714285714285714
"337",50448,"15",2,0.0714285714285714
"338",50463,"15",1,0.0357142857142857
"339",50485,"15",8,0.285714285714286
"340",50502,"15",2,0.0714285714285714
"341",50515,"15",3,0.107142857142857
"342",50523,"15",4,0.142857142857143
"343",50541,"15",7,0.25
"344",50581,"15",1,0.0357142857142857
"345",50590,"15",3,0.107142857142857
"346",50632,"15",5,0.178571428571429
"347",50647,"15",3,0.107142857142857
"348",50658,"15",2,0.0714285714285714
"349",50687,"15",1,0.0357142857142857
"350",50724,"15",6,0.214285714285714
"351",50746,"15",4,0.142857142857143
"352",50775,"15",6,0.214285714285714
"353",50792,"15",2,0.0714285714285714
"354",50829,"15",8,0.285714285714286
"355",50851,"15",2,0.0714285714285714
"356",50891,"15",1,0.0357142857142857
"357",50904,"15",3,0.107142857142857
"358",50909,"15",4,0.142857142857143
"359",51011,"15",6,0.214285714285714
"360",51138,"15",3,0.107142857142857
"361",51209,"15",4,0.142857142857143
"362",51253,"15",3,0.107142857142857
"363",51271,"15",5,0.178571428571429
"364",51295,"15",2,0.0714285714285714
"365",51301,"15",5,0.178571428571429
"366",51330,"15",7,0.25
"367",51363,"15",2,0.0714285714285714
"368",50448,"16",4,0.142857142857143
"369",50463,"16",3,0.107142857142857
"370",50502,"16",5,0.178571428571429
"371",50515,"16",2,0.0714285714285714
"372",50523,"16",4,0.142857142857143
"373",50541,"16",11,0.392857142857143
"374",50581,"16",4,0.142857142857143
"375",50590,"16",4,0.142857142857143
"376",50632,"16",4,0.142857142857143
"377",50647,"16",2,0.0714285714285714
"378",50658,"16",4,0.142857142857143
"379",50673,"16",2,0.0714285714285714
"380",50687,"16",2,0.0714285714285714
"381",50724,"16",7,0.25
"382",50746,"16",4,0.142857142857143
"383",50775,"16",1,0.0357142857142857
"384",50792,"16",2,0.0714285714285714
"385",50851,"16",1,0.0357142857142857
"386",50891,"16",5,0.178571428571429
"387",50904,"16",2,0.0714285714285714
"388",50909,"16",3,0.107142857142857
"389",51011,"16",1,0.0357142857142857
"390",51138,"16",4,0.142857142857143
"391",51209,"16",4,0.142857142857143
"392",51253,"16",2,0.0714285714285714
"393",51271,"16",5,0.178571428571429
"394",51295,"16",5,0.178571428571429
"395",51301,"16",2,0.0714285714285714
"396",51330,"16",4,0.142857142857143
"397",51363,"16",4,0.142857142857143
"398",50448,"17",2,0.0714285714285714
"399",50485,"17",5,0.178571428571429
"400",50502,"17",7,0.25
"401",50515,"17",2,0.0714285714285714
"402",50523,"17",6,0.214285714285714
"403",50541,"17",1,0.0357142857142857
"404",50581,"17",4,0.142857142857143
"405",50590,"17",2,0.0714285714285714
"406",50632,"17",4,0.142857142857143
"407",50647,"17",7,0.25
"408",50658,"17",4,0.142857142857143
"409",50673,"17",2,0.0714285714285714
"410",50687,"17",3,0.107142857142857
"411",50724,"17",6,0.214285714285714
"412",50746,"17",7,0.25
"413",50775,"17",3,0.107142857142857
"414",50792,"17",5,0.178571428571429
"415",50829,"17",3,0.107142857142857
"416",50851,"17",1,0.0357142857142857
"417",50891,"17",2,0.0714285714285714
"418",50904,"17",2,0.0714285714285714
"419",51011,"17",1,0.0357142857142857
"420",51138,"17",5,0.178571428571429
"421",51187,"17",1,0.0357142857142857
"422",51209,"17",3,0.107142857142857
"423",51253,"17",2,0.0714285714285714
"424",51271,"17",7,0.25
"425",51301,"17",1,0.0357142857142857
"426",51330,"17",3,0.107142857142857
"427",51363,"17",7,0.25
"428",50448,"18",3,0.107142857142857
"429",50485,"18",4,0.142857142857143
"430",50502,"18",7,0.25
"431",50515,"18",1,0.0357142857142857
"432",50523,"18",3,0.107142857142857
"433",50541,"18",6,0.214285714285714
"434",50581,"18",3,0.107142857142857
"435",50590,"18",3,0.107142857142857
"436",50632,"18",5,0.178571428571429
"437",50647,"18",7,0.25
"438",50673,"18",2,0.0714285714285714
"439",50687,"18",1,0.0357142857142857
"440",50724,"18",2,0.0714285714285714
"441",50746,"18",7,0.25
"442",50775,"18",9,0.321428571428571
"443",50792,"18",10,0.357142857142857
"444",50829,"18",4,0.142857142857143
"445",50851,"18",1,0.0357142857142857
"446",50891,"18",1,0.0357142857142857
"447",50904,"18",2,0.0714285714285714
"448",50909,"18",8,0.285714285714286
"449",51011,"18",4,0.142857142857143
"450",51187,"18",1,0.0357142857142857
"451",51209,"18",4,0.142857142857143
"452",51253,"18",1,0.0357142857142857
"453",51271,"18",4,0.142857142857143
"454",51295,"18",4,0.142857142857143
"455",51301,"18",1,0.0357142857142857
"456",51330,"18",4,0.142857142857143
"457",51363,"18",7,0.25
"458",50448,"19",3,0.107142857142857
"459",50463,"19",3,0.107142857142857
"460",50485,"19",6,0.214285714285714
"461",50502,"19",3,0.107142857142857
"462",50515,"19",2,0.0714285714285714
"463",50523,"19",6,0.214285714285714
"464",50541,"19",8,0.285714285714286
"465",50581,"19",3,0.107142857142857
"466",50590,"19",8,0.285714285714286
"467",50632,"19",2,0.0714285714285714
"468",50658,"19",3,0.107142857142857
"469",50673,"19",5,0.178571428571429
"470",50687,"19",1,0.0357142857142857
"471",50724,"19",5,0.178571428571429
"472",50746,"19",3,0.107142857142857
"473",50775,"19",7,0.25
"474",50792,"19",6,0.214285714285714
"475",50829,"19",5,0.178571428571429
"476",50851,"19",3,0.107142857142857
"477",50891,"19",5,0.178571428571429
"478",50904,"19",3,0.107142857142857
"479",50909,"19",6,0.214285714285714
"480",51011,"19",3,0.107142857142857
"481",51138,"19",6,0.214285714285714
"482",51209,"19",5,0.178571428571429
"483",51253,"19",2,0.0714285714285714
"484",51271,"19",6,0.214285714285714
"485",51295,"19",2,0.0714285714285714
"486",51330,"19",5,0.178571428571429
"487",51363,"19",3,0.107142857142857
"488",50448,"20",1,0.0357142857142857
"489",50485,"20",4,0.142857142857143
"490",50515,"20",3,0.107142857142857
"491",50523,"20",4,0.142857142857143
"492",50541,"20",3,0.107142857142857
"493",50581,"20",2,0.0714285714285714
"494",50590,"20",5,0.178571428571429
"495",50632,"20",3,0.107142857142857
"496",50647,"20",4,0.142857142857143
"497",50658,"20",2,0.0714285714285714
"498",50673,"20",1,0.0357142857142857
"499",50687,"20",2,0.0714285714285714
"500",50724,"20",4,0.142857142857143
"501",50746,"20",3,0.107142857142857
"502",50775,"20",5,0.178571428571429
"503",50792,"20",4,0.142857142857143
"504",50829,"20",2,0.0714285714285714
"505",50851,"20",2,0.0714285714285714
"506",50891,"20",1,0.0357142857142857
"507",50909,"20",1,0.0357142857142857
"508",51011,"20",3,0.107142857142857
"509",51209,"20",1,0.0357142857142857
"510",51253,"20",1,0.0357142857142857
"511",51271,"20",2,0.0714285714285714
"512",51295,"20",3,0.107142857142857
"513",51301,"20",3,0.107142857142857
"514",51330,"20",4,0.142857142857143
"515",51363,"20",2,0.0714285714285714
"516",50485,"21",3,0.107142857142857
"517",50502,"21",2,0.0714285714285714
"518",50523,"21",3,0.107142857142857
"519",50541,"21",2,0.0714285714285714
"520",50581,"21",5,0.178571428571429
"521",50590,"21",3,0.107142857142857
"522",50632,"21",3,0.107142857142857
"523",50647,"21",2,0.0714285714285714
"524",50658,"21",2,0.0714285714285714
"525",50673,"21",3,0.107142857142857
"526",50687,"21",4,0.142857142857143
"527",50724,"21",4,0.142857142857143
"528",50746,"21",7,0.25
"529",50775,"21",2,0.0714285714285714
"530",50792,"21",1,0.0357142857142857
"531",50904,"21",3,0.107142857142857
"532",50909,"21",5,0.178571428571429
"533",51011,"21",3,0.107142857142857
"534",51138,"21",2,0.0714285714285714
"535",51187,"21",1,0.0357142857142857
"536",51209,"21",2,0.0714285714285714
"537",51271,"21",3,0.107142857142857
"538",51301,"21",5,0.178571428571429
"539",51330,"21",3,0.107142857142857
"540",51363,"21",2,0.0714285714285714
"541",50485,"22",3,0.107142857142857
"542",50502,"22",4,0.142857142857143
"543",50515,"22",1,0.0357142857142857
"544",50523,"22",3,0.107142857142857
"545",50541,"22",5,0.178571428571429
"546",50581,"22",1,0.0357142857142857
"547",50590,"22",2,0.0714285714285714
"548",50632,"22",2,0.0714285714285714
"549",50658,"22",1,0.0357142857142857
"550",50673,"22",3,0.107142857142857
"551",50687,"22",4,0.142857142857143
"552",50724,"22",4,0.142857142857143
"553",50746,"22",6,0.214285714285714
"554",50775,"22",4,0.142857142857143
"555",50792,"22",4,0.142857142857143
"556",50829,"22",1,0.0357142857142857
"557",50851,"22",2,0.0714285714285714
"558",50891,"22",2,0.0714285714285714
"559",50904,"22",1,0.0357142857142857
"560",50909,"22",1,0.0357142857142857
"561",51011,"22",1,0.0357142857142857
"562",51138,"22",2,0.0714285714285714
"563",51209,"22",5,0.178571428571429
"564",51295,"22",1,0.0357142857142857
"565",51301,"22",4,0.142857142857143
"566",51330,"22",2,0.0714285714285714
"567",50463,"23",1,0.0357142857142857
"568",50485,"23",1,0.0357142857142857
"569",50502,"23",1,0.0357142857142857
"570",50523,"23",1,0.0357142857142857
"571",50541,"23",1,0.0357142857142857
"572",50581,"23",1,0.0357142857142857
"573",50590,"23",1,0.0357142857142857
"574",50632,"23",3,0.107142857142857
"575",50658,"23",1,0.0357142857142857
"576",50673,"23",1,0.0357142857142857
"577",50687,"23",1,0.0357142857142857
"578",50724,"23",5,0.178571428571429
"579",50746,"23",2,0.0714285714285714
"580",50792,"23",3,0.107142857142857
"581",50851,"23",1,0.0357142857142857
"582",50904,"23",1,0.0357142857142857
"583",51187,"23",1,0.0357142857142857
"584",51209,"23",1,0.0357142857142857
"585",51253,"23",1,0.0357142857142857
"586",51271,"23",1,0.0357142857142857
"587",51301,"23",2,0.0714285714285714
"588",51363,"23",1,0.0357142857142857
"50448.0-0",50448,"0",0,0
"50448.0-1",50448,"1",0,0
"50448.0-2",50448,"2",0,0
"50448.0-3",50448,"3",0,0
"50448.0-5",50448,"5",0,0
"50448.0-6",50448,"6",0,0
"50448.0-9",50448,"9",0,0
"50448.0-10",50448,"10",0,0
"50448.0-12",50448,"12",0,0
"50448.0-21",50448,"21",0,0
"50448.0-22",50448,"22",0,0
"50448.0-23",50448,"23",0,0
"50463.0-0",50463,"0",0,0
"50463.0-1",50463,"1",0,0
"50463.0-4",50463,"4",0,0
"50463.0-5",50463,"5",0,0
"50463.0-7",50463,"7",0,0
"50463.0-11",50463,"11",0,0
"50463.0-13",50463,"13",0,0
"50463.0-14",50463,"14",0,0
"50463.0-17",50463,"17",0,0
"50463.0-18",50463,"18",0,0
"50463.0-20",50463,"20",0,0
"50463.0-21",50463,"21",0,0
"50463.0-22",50463,"22",0,0
"50485.0-1",50485,"1",0,0
"50485.0-2",50485,"2",0,0
"50485.0-4",50485,"4",0,0
"50485.0-5",50485,"5",0,0
"50485.0-16",50485,"16",0,0
"50502.0-3",50502,"3",0,0
"50502.0-5",50502,"5",0,0
"50502.0-20",50502,"20",0,0
"50515.0-1",50515,"1",0,0
"50515.0-2",50515,"2",0,0
"50515.0-4",50515,"4",0,0
"50515.0-10",50515,"10",0,0
"50515.0-11",50515,"11",0,0
"50515.0-13",50515,"13",0,0
"50515.0-21",50515,"21",0,0
"50515.0-23",50515,"23",0,0
"50523.0-1",50523,"1",0,0
"50523.0-3",50523,"3",0,0
"50523.0-4",50523,"4",0,0
"50523.0-9",50523,"9",0,0
"50523.0-11",50523,"11",0,0
"50541.0-0",50541,"0",0,0
"50541.0-3",50541,"3",0,0
"50541.0-4",50541,"4",0,0
"50581.0-1",50581,"1",0,0
"50581.0-2",50581,"2",0,0
"50581.0-3",50581,"3",0,0
"50581.0-5",50581,"5",0,0
"50581.0-6",50581,"6",0,0
"50590.0-1",50590,"1",0,0
"50590.0-2",50590,"2",0,0
"50590.0-5",50590,"5",0,0
"50632.0-1",50632,"1",0,0
"50632.0-4",50632,"4",0,0
"50632.0-6",50632,"6",0,0
"50647.0-2",50647,"2",0,0
"50647.0-3",50647,"3",0,0
"50647.0-4",50647,"4",0,0
"50647.0-5",50647,"5",0,0
"50647.0-6",50647,"6",0,0
"50647.0-7",50647,"7",0,0
"50647.0-12",50647,"12",0,0
"50647.0-13",50647,"13",0,0
"50647.0-19",50647,"19",0,0
"50647.0-22",50647,"22",0,0
"50647.0-23",50647,"23",0,0
"50658.0-0",50658,"0",0,0
"50658.0-1",50658,"1",0,0
"50658.0-2",50658,"2",0,0
"50658.0-3",50658,"3",0,0
"50658.0-4",50658,"4",0,0
"50658.0-6",50658,"6",0,0
"50658.0-18",50658,"18",0,0
"50673.0-4",50673,"4",0,0
"50673.0-5",50673,"5",0,0
"50673.0-6",50673,"6",0,0
"50673.0-11",50673,"11",0,0
"50673.0-15",50673,"15",0,0
"50687.0-2",50687,"2",0,0
"50687.0-3",50687,"3",0,0
"50687.0-4",50687,"4",0,0
"50687.0-5",50687,"5",0,0
"50687.0-6",50687,"6",0,0
"50687.0-10",50687,"10",0,0
"50724.0-3",50724,"3",0,0
"50746.0-1",50746,"1",0,0
"50746.0-5",50746,"5",0,0
"50775.0-2",50775,"2",0,0
"50775.0-3",50775,"3",0,0
"50775.0-4",50775,"4",0,0
"50775.0-12",50775,"12",0,0
"50775.0-23",50775,"23",0,0
"50792.0-3",50792,"3",0,0
"50792.0-4",50792,"4",0,0
"50829.0-1",50829,"1",0,0
"50829.0-2",50829,"2",0,0
"50829.0-3",50829,"3",0,0
"50829.0-4",50829,"4",0,0
"50829.0-5",50829,"5",0,0
"50829.0-8",50829,"8",0,0
"50829.0-16",50829,"16",0,0
"50829.0-21",50829,"21",0,0
"50829.0-23",50829,"23",0,0
"50851.0-1",50851,"1",0,0
"50851.0-5",50851,"5",0,0
"50851.0-21",50851,"21",0,0
"50891.0-0",50891,"0",0,0
"50891.0-1",50891,"1",0,0
"50891.0-3",50891,"3",0,0
"50891.0-4",50891,"4",0,0
"50891.0-5",50891,"5",0,0
"50891.0-7",50891,"7",0,0
"50891.0-11",50891,"11",0,0
"50891.0-21",50891,"21",0,0
"50891.0-23",50891,"23",0,0
"50904.0-1",50904,"1",0,0
"50904.0-2",50904,"2",0,0
"50904.0-3",50904,"3",0,0
"50904.0-4",50904,"4",0,0
"50904.0-5",50904,"5",0,0
"50904.0-20",50904,"20",0,0
"50909.0-1",50909,"1",0,0
"50909.0-2",50909,"2",0,0
"50909.0-3",50909,"3",0,0
"50909.0-4",50909,"4",0,0
"50909.0-5",50909,"5",0,0
"50909.0-6",50909,"6",0,0
"50909.0-17",50909,"17",0,0
"50909.0-23",50909,"23",0,0
"51011.0-0",51011,"0",0,0
"51011.0-2",51011,"2",0,0
"51011.0-3",51011,"3",0,0
"51011.0-4",51011,"4",0,0
"51011.0-10",51011,"10",0,0
"51011.0-23",51011,"23",0,0
"51138.0-0",51138,"0",0,0
"51138.0-1",51138,"1",0,0
"51138.0-2",51138,"2",0,0
"51138.0-3",51138,"3",0,0
"51138.0-4",51138,"4",0,0
"51138.0-5",51138,"5",0,0
"51138.0-6",51138,"6",0,0
"51138.0-18",51138,"18",0,0
"51138.0-20",51138,"20",0,0
"51138.0-23",51138,"23",0,0
"51187.0-0",51187,"0",0,0
"51187.0-1",51187,"1",0,0
"51187.0-2",51187,"2",0,0
"51187.0-3",51187,"3",0,0
"51187.0-4",51187,"4",0,0
"51187.0-5",51187,"5",0,0
"51187.0-7",51187,"7",0,0
"51187.0-10",51187,"10",0,0
"51187.0-11",51187,"11",0,0
"51187.0-12",51187,"12",0,0
"51187.0-13",51187,"13",0,0
"51187.0-15",51187,"15",0,0
"51187.0-16",51187,"16",0,0
"51187.0-19",51187,"19",0,0
"51187.0-20",51187,"20",0,0
"51187.0-22",51187,"22",0,0
"51209.0-12",51209,"12",0,0
"51253.0-1",51253,"1",0,0
"51253.0-2",51253,"2",0,0
"51253.0-3",51253,"3",0,0
"51253.0-4",51253,"4",0,0
"51253.0-5",51253,"5",0,0
"51253.0-6",51253,"6",0,0
"51253.0-11",51253,"11",0,0
"51253.0-21",51253,"21",0,0
"51253.0-22",51253,"22",0,0
"51271.0-22",51271,"22",0,0
"51295.0-0",51295,"0",0,0
"51295.0-1",51295,"1",0,0
"51295.0-2",51295,"2",0,0
"51295.0-3",51295,"3",0,0
"51295.0-5",51295,"5",0,0
"51295.0-6",51295,"6",0,0
"51295.0-7",51295,"7",0,0
"51295.0-17",51295,"17",0,0
"51295.0-21",51295,"21",0,0
"51295.0-23",51295,"23",0,0
"51301.0-2",51301,"2",0,0
"51301.0-4",51301,"4",0,0
"51301.0-5",51301,"5",0,0
"51301.0-9",51301,"9",0,0
"51301.0-10",51301,"10",0,0
"51301.0-19",51301,"19",0,0
"51330.0-1",51330,"1",0,0
"51330.0-2",51330,"2",0,0
"51330.0-4",51330,"4",0,0
"51330.0-23",51330,"23",0,0
"51363.0-1",51363,"1",0,0
"51363.0-2",51363,"2",0,0
"51363.0-3",51363,"3",0,0
"51363.0-5",51363,"5",0,0
"51363.0-7",51363,"7",0,0
"51363.0-12",51363,"12",0,0
"51363.0-22",51363,"22",0,0
